"","Sensitivity","Specificity","Pos.Pred.Value","Neg.Pred.Value","Precision","Recall","F1","Prevalence","Detection.Rate","Detection.Prevalence","Balanced.Accuracy"
"Class: H_angustifolius",0.857142857142857,1,1,0.984126984126984,1,0.857142857142857,0.923076923076923,0.101449275362319,0.0869565217391304,0.0869565217391304,0.928571428571429
"Class: H_atrorubens",0.714285714285714,0.983870967741935,0.833333333333333,0.968253968253968,0.833333333333333,0.714285714285714,0.769230769230769,0.101449275362319,0.072463768115942,0.0869565217391304,0.849078341013825
"Class: H_carnosus",1,1,1,1,1,1,1,0.101449275362319,0.101449275362319,0.101449275362319,1
"Class: H_floridanus",1,0.983870967741935,0.875,1,0.875,1,0.933333333333333,0.101449275362319,0.101449275362319,0.115942028985507,0.991935483870968
"Class: H_heterophyllus",0.833333333333333,1,1,0.984375,1,0.833333333333333,0.909090909090909,0.0869565217391304,0.072463768115942,0.072463768115942,0.916666666666667
"Class: H_longifolius",1,1,1,1,1,1,1,0.101449275362319,0.101449275362319,0.101449275362319,1
"Class: H_radula",1,1,1,1,1,1,1,0.202898550724638,0.202898550724638,0.202898550724638,1
"Class: H_silphioides",1,0.963636363636364,0.875,1,0.875,1,0.933333333333333,0.202898550724638,0.202898550724638,0.231884057971014,0.981818181818182
