"","Sensitivity","Specificity","Pos.Pred.Value","Neg.Pred.Value","Precision","Recall","F1","Prevalence","Detection.Rate","Detection.Prevalence","Balanced.Accuracy"
"Class: H_cusickii",1,1,1,1,1,1,1,0.12,0.12,0.12,1
"Class: H_divaricatus",1,1,1,1,1,1,1,0.06,0.06,0.06,1
"Class: H_giganteus",0.714285714285714,1,1,0.955555555555555,1,0.714285714285714,0.833333333333333,0.14,0.1,0.1,0.857142857142857
"Class: H_grosseserratus",0.857142857142857,0.976744186046512,0.857142857142857,0.976744186046512,0.857142857142857,0.857142857142857,0.857142857142857,0.14,0.12,0.14,0.916943521594684
"Class: H_maximiliani",1,0.953488372093023,0.777777777777778,1,0.777777777777778,1,0.875,0.14,0.14,0.18,0.976744186046512
"Class: H_microcephalus",1,0.975609756097561,0.9,1,0.9,1,0.947368421052632,0.18,0.18,0.2,0.98780487804878
"Class: H_salicifolius",1,1,1,1,1,1,1,0.14,0.14,0.14,1
"Class: H_verticillatus",0.75,1,1,0.978723404255319,1,0.75,0.857142857142857,0.08,0.06,0.06,0.875
