"","Sensitivity","Specificity","Pos.Pred.Value","Neg.Pred.Value","Precision","Recall","F1","Prevalence","Detection.Rate","Detection.Prevalence","Balanced.Accuracy"
"Class: H_angustifolius",1,1,1,1,1,1,1,0.101449275362319,0.101449275362319,0.101449275362319,1
"Class: H_atrorubens",0.714285714285714,1,1,0.96875,1,0.714285714285714,0.833333333333333,0.101449275362319,0.072463768115942,0.072463768115942,0.857142857142857
"Class: H_carnosus",1,1,1,1,1,1,1,0.101449275362319,0.101449275362319,0.101449275362319,1
"Class: H_floridanus",1,0.983870967741935,0.875,1,0.875,1,0.933333333333333,0.101449275362319,0.101449275362319,0.115942028985507,0.991935483870968
"Class: H_heterophyllus",0.833333333333333,0.984126984126984,0.833333333333333,0.984126984126984,0.833333333333333,0.833333333333333,0.833333333333333,0.0869565217391304,0.072463768115942,0.0869565217391304,0.908730158730159
"Class: H_longifolius",0.714285714285714,1,1,0.96875,1,0.714285714285714,0.833333333333333,0.101449275362319,0.072463768115942,0.072463768115942,0.857142857142857
"Class: H_radula",1,1,1,1,1,1,1,0.202898550724638,0.202898550724638,0.202898550724638,1
"Class: H_silphioides",1,0.945454545454545,0.823529411764706,1,0.823529411764706,1,0.903225806451613,0.202898550724638,0.202898550724638,0.246376811594203,0.972727272727273
