"","Sensitivity","Specificity","Pos.Pred.Value","Neg.Pred.Value","Precision","Recall","F1","Prevalence","Detection.Rate","Detection.Prevalence","Balanced.Accuracy"
"Class: H_angustifolius",1,1,1,1,1,1,1,0.101449275362319,0.101449275362319,0.101449275362319,1
"Class: H_atrorubens",1,0.983870967741935,0.875,1,0.875,1,0.933333333333333,0.101449275362319,0.101449275362319,0.115942028985507,0.991935483870968
"Class: H_carnosus",1,1,1,1,1,1,1,0.101449275362319,0.101449275362319,0.101449275362319,1
"Class: H_floridanus",1,1,1,1,1,1,1,0.101449275362319,0.101449275362319,0.101449275362319,1
"Class: H_heterophyllus",1,1,1,1,1,1,1,0.0869565217391304,0.0869565217391304,0.0869565217391304,1
"Class: H_longifolius",1,1,1,1,1,1,1,0.101449275362319,0.101449275362319,0.101449275362319,1
"Class: H_radula",1,1,1,1,1,1,1,0.202898550724638,0.202898550724638,0.202898550724638,1
"Class: H_silphioides",0.928571428571429,1,1,0.982142857142857,1,0.928571428571429,0.962962962962963,0.202898550724638,0.188405797101449,0.188405797101449,0.964285714285714
