"","Sensitivity","Specificity","Pos.Pred.Value","Neg.Pred.Value","Precision","Recall","F1","Prevalence","Detection.Rate","Detection.Prevalence","Balanced.Accuracy"
"Class: H_annuus",1,0.975,0.933333333333333,1,0.933333333333333,1,0.96551724137931,0.259259259259259,0.259259259259259,0.277777777777778,0.9875
"Class: H_argophyllus",1,1,1,1,1,1,1,0.12962962962963,0.12962962962963,0.12962962962963,1
"Class: H_debili_ssp_tardiflorus",1,0.957446808510638,0.777777777777778,1,0.777777777777778,1,0.875,0.12962962962963,0.12962962962963,0.166666666666667,0.978723404255319
"Class: H_neglectus",0.5,1,1,0.941176470588235,1,0.5,0.666666666666667,0.111111111111111,0.0555555555555556,0.0555555555555556,0.75
"Class: H_niveu_ssp_tephrodes",0.833333333333333,1,1,0.979591836734694,1,0.833333333333333,0.909090909090909,0.111111111111111,0.0925925925925926,0.0925925925925926,0.916666666666667
"Class: H_petiolari_ssp_petiolaris",1,1,1,1,1,1,1,0.12962962962963,0.12962962962963,0.12962962962963,1
"Class: H_praeco_ssp_runyonii",0.857142857142857,0.957446808510638,0.75,0.978260869565217,0.75,0.857142857142857,0.8,0.12962962962963,0.111111111111111,0.148148148148148,0.907294832826748
