"","Sensitivity","Specificity","Pos.Pred.Value","Neg.Pred.Value","Precision","Recall","F1","Prevalence","Detection.Rate","Detection.Prevalence","Balanced.Accuracy"
"Class: H_cusickii",0.833333333333333,1,1,0.977777777777778,1,0.833333333333333,0.909090909090909,0.12,0.1,0.1,0.916666666666667
"Class: H_divaricatus",1,0.978723404255319,0.75,1,0.75,1,0.857142857142857,0.06,0.06,0.08,0.98936170212766
"Class: H_giganteus",0.714285714285714,1,1,0.955555555555555,1,0.714285714285714,0.833333333333333,0.14,0.1,0.1,0.857142857142857
"Class: H_grosseserratus",0.857142857142857,0.976744186046512,0.857142857142857,0.976744186046512,0.857142857142857,0.857142857142857,0.857142857142857,0.14,0.12,0.14,0.916943521594684
"Class: H_maximiliani",0.857142857142857,0.930232558139535,0.666666666666667,0.975609756097561,0.666666666666667,0.857142857142857,0.75,0.14,0.12,0.18,0.893687707641196
"Class: H_microcephalus",1,1,1,1,1,1,1,0.18,0.18,0.18,1
"Class: H_salicifolius",1,1,1,1,1,1,1,0.14,0.14,0.14,1
"Class: H_verticillatus",1,1,1,1,1,1,1,0.08,0.08,0.08,1
