"","Sensitivity","Specificity","Pos.Pred.Value","Neg.Pred.Value","Precision","Recall","F1","Prevalence","Detection.Rate","Detection.Prevalence","Balanced.Accuracy"
"Class: H_cusickii",1,0.954545454545455,0.75,1,0.75,1,0.857142857142857,0.12,0.12,0.16,0.977272727272727
"Class: H_divaricatus",0.666666666666667,1,1,0.979166666666667,1,0.666666666666667,0.8,0.06,0.04,0.04,0.833333333333333
"Class: H_giganteus",0.714285714285714,0.976744186046512,0.833333333333333,0.954545454545454,0.833333333333333,0.714285714285714,0.769230769230769,0.14,0.1,0.12,0.845514950166113
"Class: H_grosseserratus",0.857142857142857,0.976744186046512,0.857142857142857,0.976744186046512,0.857142857142857,0.857142857142857,0.857142857142857,0.14,0.12,0.14,0.916943521594684
"Class: H_maximiliani",1,1,1,1,1,1,1,0.14,0.14,0.14,1
"Class: H_microcephalus",1,0.975609756097561,0.9,1,0.9,1,0.947368421052632,0.18,0.18,0.2,0.98780487804878
"Class: H_salicifolius",1,1,1,1,1,1,1,0.14,0.14,0.14,1
"Class: H_verticillatus",0.75,1,1,0.978723404255319,1,0.75,0.857142857142857,0.08,0.06,0.06,0.875
