"","Sensitivity","Specificity","Pos.Pred.Value","Neg.Pred.Value","Precision","Recall","F1","Prevalence","Detection.Rate","Detection.Prevalence","Balanced.Accuracy"
"Class: H_cusickii",0.833333333333333,1,1,0.977777777777778,1,0.833333333333333,0.909090909090909,0.12,0.1,0.1,0.916666666666667
"Class: H_divaricatus",0.666666666666667,1,1,0.979166666666667,1,0.666666666666667,0.8,0.06,0.04,0.04,0.833333333333333
"Class: H_giganteus",0.857142857142857,0.976744186046512,0.857142857142857,0.976744186046512,0.857142857142857,0.857142857142857,0.857142857142857,0.14,0.12,0.14,0.916943521594684
"Class: H_grosseserratus",0.714285714285714,0.953488372093023,0.714285714285714,0.953488372093023,0.714285714285714,0.714285714285714,0.714285714285714,0.14,0.1,0.14,0.833887043189369
"Class: H_maximiliani",0.571428571428571,0.953488372093023,0.666666666666667,0.931818181818182,0.666666666666667,0.571428571428571,0.615384615384615,0.14,0.08,0.12,0.762458471760797
"Class: H_microcephalus",1,1,1,1,1,1,1,0.18,0.18,0.18,1
"Class: H_salicifolius",1,0.976744186046512,0.875,1,0.875,1,0.933333333333333,0.14,0.14,0.16,0.988372093023256
"Class: H_verticillatus",0.75,0.934782608695652,0.5,0.977272727272727,0.5,0.75,0.6,0.08,0.06,0.12,0.842391304347826
