"","Sensitivity","Specificity","Pos.Pred.Value","Neg.Pred.Value","Precision","Recall","F1","Prevalence","Detection.Rate","Detection.Prevalence","Balanced.Accuracy"
"Class: H_annuus",1,1,1,1,1,1,1,0.259259259259259,0.259259259259259,0.259259259259259,1
"Class: H_argophyllus",1,1,1,1,1,1,1,0.12962962962963,0.12962962962963,0.12962962962963,1
"Class: H_debili_ssp_tardiflorus",1,0.978723404255319,0.875,1,0.875,1,0.933333333333333,0.12962962962963,0.12962962962963,0.148148148148148,0.98936170212766
"Class: H_neglectus",1,0.979166666666667,0.857142857142857,1,0.857142857142857,1,0.923076923076923,0.111111111111111,0.111111111111111,0.12962962962963,0.989583333333333
"Class: H_niveu_ssp_tephrodes",0.666666666666667,1,1,0.96,1,0.666666666666667,0.8,0.111111111111111,0.0740740740740741,0.0740740740740741,0.833333333333333
"Class: H_petiolari_ssp_petiolaris",1,1,1,1,1,1,1,0.12962962962963,0.12962962962963,0.12962962962963,1
"Class: H_praeco_ssp_runyonii",1,1,1,1,1,1,1,0.12962962962963,0.12962962962963,0.12962962962963,1
