"","Sensitivity","Specificity","Pos.Pred.Value","Neg.Pred.Value","Precision","Recall","F1","Prevalence","Detection.Rate","Detection.Prevalence","Balanced.Accuracy"
"Class: H_annuus",0.928571428571429,0.975,0.928571428571429,0.975,0.928571428571429,0.928571428571429,0.928571428571429,0.259259259259259,0.240740740740741,0.259259259259259,0.951785714285714
"Class: H_argophyllus",0.857142857142857,1,1,0.979166666666667,1,0.857142857142857,0.923076923076923,0.12962962962963,0.111111111111111,0.111111111111111,0.928571428571429
"Class: H_debili_ssp_tardiflorus",1,0.957446808510638,0.777777777777778,1,0.777777777777778,1,0.875,0.12962962962963,0.12962962962963,0.166666666666667,0.978723404255319
"Class: H_neglectus",0.833333333333333,0.979166666666667,0.833333333333333,0.979166666666667,0.833333333333333,0.833333333333333,0.833333333333333,0.111111111111111,0.0925925925925926,0.111111111111111,0.90625
"Class: H_niveu_ssp_tephrodes",1,0.979166666666667,0.857142857142857,1,0.857142857142857,1,0.923076923076923,0.111111111111111,0.111111111111111,0.12962962962963,0.989583333333333
"Class: H_petiolari_ssp_petiolaris",0.571428571428571,1,1,0.94,1,0.571428571428571,0.727272727272727,0.12962962962963,0.0740740740740741,0.0740740740740741,0.785714285714286
"Class: H_praeco_ssp_runyonii",0.857142857142857,0.957446808510638,0.75,0.978260869565217,0.75,0.857142857142857,0.8,0.12962962962963,0.111111111111111,0.148148148148148,0.907294832826748
